[datatype],[name],[definition]
Boolean,Classification,Classification is a supervised learning task where the goal is to assign input data into predefined categories or classes. It involves training a model to learn the mapping between input features and discrete output labels.
Boolean,Regression,"Regression is a supervised learning task that involves predicting a continuous output variable based on input features. The goal is to model the relationship between the features and the target variable, enabling the prediction of numerical values."
Boolean,Sequential Modeling,"Sequential models are designed to process data with a sequential or temporal structure, such as time series or sequences of data points. Recurrent Neural Networks (RNNs) and Long Short-Term Memory (LSTM) networks are common architectures for handling sequential data."
Boolean,Generative Modeling,"Generative models aim to learn the underlying probability distribution of a dataset, allowing them to generate new, realistic samples similar to the training data. Examples include Generative Adversarial Networks (GANs) and Variational Autoencoders (VAEs)."
Boolean,Discriminative Modeling,"Discriminative models focus on learning the boundary between different classes in the data, directly modeling the conditional probability of labels given input features. Examples include Logistic Regression, Support Vector Machines (SVM), and neural networks designed for classification tasks."
Boolean,Ensemble Learning,"Ensemble models combine multiple individual models to improve overall predictive performance. Techniques like bagging (e.g., Random Forests) and boosting (e.g., AdaBoost, XGBoost) are used to create diverse models and enhance the robustness and accuracy of predictions."
Boolean,Optimization Techniques,"Optimization in the context of machine learning involves the process of finding the best set of parameters or configurations to minimize or maximize a certain objective function. The objective function is a measure of how well the model performs, and optimization algorithms are used to adjust the model parameters iteratively. The goal is to reach the optimal values that result in the best possible model performance for a given task."
Boolean,Tree-Based Model,"A tree-based model is a type of machine learning model that makes decisions through a hierarchical structure of nodes, resembling a tree. Decision Trees, Random Forests, and Gradient Boosted Trees are common examples. These models recursively split the data based on feature conditions to make predictions or classifications."
Boolean,Clustering,"Clustering is an unsupervised learning task that involves grouping similar data points together based on their inherent patterns or similarities, without predefined labels. The objective is to discover hidden structures within the data."
Boolean,Probabilistic Model,"A probabilistic classification model assigns probabilities to different classes for a given input, expressing the model's uncertainty. It calculates the likelihood of an input belonging to each class, allowing for nuanced predictions and quantification of the model's confidence. Examples include Na誰ve Bayes, logistic regression, and certain variants of neural networks with probabilistic outputs."
Boolean,Object Detection,"Object detection is a computer vision task that involves identifying and locating objects within an image or video. It typically provides bounding boxes around the detected objects along with their corresponding class labels. Popular object detection models include Single Shot Multibox Detector (SSD), You Only Look Once (YOLO), and Region-based Convolutional Neural Network (R-CNN) variants."
Boolean,Evolutionary Algorithm Models,"Evolutionary algorithms are optimization techniques inspired by biological evolution processes. They iteratively evolve a population of candidate solutions through selection, crossover, and mutation operations to find optimal or near-optimal solutions to a given problem. Examples include Genetic Algorithms and Genetic Programming."
Boolean,Instance-Based Learning,"Instance-Based Learning, also known as memory-based learning or lazy learning, makes predictions based on the similarity of new instances to previously seen instances in the training data. Algorithms such as k-Nearest Neighbors (k-NN) fall under this category, where predictions are determined by the majority class of the nearest neighbors in the feature space."
Boolean,Decision-Making Models,"In the context of machine learning, decision making refers to the process where a model or system chooses an action or outcome based on input data and learned patterns. Decision-making algorithms include those used in classification, regression, reinforcement learning, and other tasks where predictions or choices are made based on input information."
Boolean,Natural Language Processing,"Processing for Natural Language Processing (NLP) involves the application of techniques and methods to understand and work with human language data. It includes tasks such as tokenization, part-of-speech tagging, named entity recognition, sentiment analysis, and syntactic analysis. Models like transformers, recurrent neural networks (RNNs), and convolutional neural networks (CNNs) are often employed in NLP for processing and analyzing textual information."
Boolean,Prediction Mechanism,"The term ""ML model prediction mechanism"" typically refers to the internal workings or components of a machine learning model that enable it to make predictions. This may include the architecture, algorithms, and mathematical operations involved in processing input data to produce output predictions. The mechanism varies depending on the specific type of machine learning model, such as neural network layers, decision trees, or support vector machines."
Boolean,Dimensionality Reduction,"Dimensionality reduction is a technique used to reduce the number of features or dimensions in a dataset while preserving essential information. Principal Component Analysis (PCA), t-distributed Stochastic Neighbor Embedding (t-SNE), and autoencoders are examples of methods employed for dimensionality reduction. These techniques help mitigate the curse of dimensionality and improve the efficiency of machine learning models."
Boolean,Pretrained Transformers for NLP,"A pretrained transformer for NLP, such as BERT (Bidirectional Encoder Representations from Transformers), is a model that has been pretrained on a large corpus of text data to capture contextual language representations. These models are then fine-tuned for specific NLP tasks like sentiment analysis or question answering."
Boolean,Fuzzy Inference Systems,"Fuzzy inference is a method within the field of fuzzy logic that deals with uncertainty and imprecision in decision-making. It involves using fuzzy sets and rules to model and reason about vague or uncertain information, allowing for more flexible and human-like decision processes in certain applications. Fuzzy inference systems are commonly used in control systems and decision support systems."
Boolean,Time Series Forecasting,"Time series forecasting is a machine learning task focused on predicting future values based on historical time-ordered data points. Models for time series forecasting often incorporate temporal patterns and dependencies to make accurate predictions. Common approaches include autoregressive models, moving averages, and more advanced techniques like recurrent neural networks (RNNs) or Long Short-Term Memory (LSTM) networks."
Boolean,Feature Extraction,"Feature extraction is a technique in machine learning where new features are created from the original set of features to represent the data more effectively. It involves transforming or combining the existing features to capture essential information, reduce dimensionality, and improve the model's ability to generalize to new data. This process is particularly valuable when dealing with high-dimensional datasets or extracting meaningful patterns from raw data."
Boolean,Topic Modeling,"Topic modeling is a natural language processing (NLP) technique that identifies topics present in a collection of documents. Algorithms like Latent Dirichlet Allocation (LDA) are commonly used to automatically discover the underlying themes or topics within a set of textual documents, providing insights into the main content areas."
Boolean,Ranking Systems,"Ranking in machine learning involves assigning a numerical or ordinal order to a set of items based on their relevance or importance. Ranking models aim to learn the optimal order of items given specific criteria, and they are often used in tasks like information retrieval, recommendation systems, and search engine result ranking. Pairwise ranking and listwise ranking are common approaches in this domain."
Boolean,Feature Selection,"Feature selection is a process in machine learning that involves choosing a subset of relevant features from the original set of features. Its goal is to improve model performance, reduce overfitting, and enhance interpretability by selecting the most informative and discriminative features while discarding irrelevant or redundant ones."
Boolean,Association Rule Mining,"Association rule mining is a technique used to discover interesting relationships or patterns within large datasets. It identifies associations between variables, often expressed as ""if-then"" rules, revealing frequent co-occurrences or correlations among items or features in the data. Apriori and FP-growth are popular algorithms for association rule mining."
Boolean,Representation Learning,"Representation learning involves training models to automatically discover and extract meaningful features or representations from raw data. The goal is to learn a more informative and compact representation that captures essential characteristics of the input, often improving performance in downstream tasks. Examples include autoencoders and deep neural networks."
Boolean,Statistical Models,"Statistical models in machine learning involve the use of statistical methods and techniques to analyze and make predictions from data. These models often rely on probability distributions and statistical inference to capture patterns and relationships within the data. Linear regression, logistic regression, and Gaussian Na誰ve Bayes are examples of statistical models used for various machine learning tasks."
Boolean,Metric Learning,"Metric learning involves learning a distance metric or similarity function directly from data to improve the performance of tasks like classification or clustering. The goal is to embed data points in a way that preserves relevant relationships, making them more suitable for similarity-based comparisons. Siamese networks and triplet loss are examples of techniques used in metric learning."
Boolean,Feature Representation,"Feature representation in machine learning refers to the process of transforming raw data or input features into a format that is suitable for model training. Effective feature representation is crucial for capturing relevant information and patterns in the data. Techniques such as feature scaling, one-hot encoding, and dimensionality reduction contribute to creating meaningful and informative feature representations for various machine learning tasks."
Boolean,Collaborative Machine Learning,"Collaborative machine learning refers to the approach where multiple machine learning models or agents work together to solve a common task. This collaboration can involve sharing knowledge, features, or models among different entities to enhance overall performance. Collaborative filtering and federated learning are examples of techniques used in collaborative machine learning."
Boolean,Instance Segmentation,Instance segmentation is a computer vision task that extends object detection by not only identifying and localizing objects but also segmenting each instance individually. It involves assigning a unique pixel-level mask to each object instance in an image. Mask R-CNN is a widely used model for instance segmentation.
Boolean,Binary Classification,"Binary classification involves predicting one of two mutually exclusive classes based on input features, such as classifying emails as spam or not spam."
Boolean,Multiclass Classification,"Multi-class classification involves predicting one of multiple classes, where each instance belongs to only one class, such as classifying images of animals into categories like cat, dog, or bird."
Boolean,Large Language Models (LLM),"Large language model (LLM) refers to a type of deep learning model designed to process and generate natural language text at scale, capable of understanding and generating text across diverse domains and topics."
Boolean,Multimodal Models,"Multimodal models are machine learning models that can process and generate information from multiple modalities, such as text, images, and audio, enabling more comprehensive understanding and interaction with data."
Boolean,Causal Inference,"Causal inference involves determining cause-and-effect relationships from observational or experimental data, aiming to identify the causal effect of one variable on another while accounting for confounding factors and biases."
Boolean,Neural Network Models,"A neural network is a computational model inspired by the structure and functioning of the human brain. It consists of interconnected nodes organized into layers, where each connection has an associated weight. Neural networks are used for various machine learning tasks, including classification, regression, and pattern recognition."
Boolean,Support Vector Machine (SVM),"A Support Vector Machine (SVM) is a supervised learning algorithm used for classification and regression tasks. It finds a hyperplane that maximally separates data points of different classes in the feature space, providing robust classification boundaries."
Boolean,Autoencoding Networks,An autoencoder is a neural network designed for unsupervised learning that learns efficient representations of input data. It consists of an encoder that compresses the input into a lower-dimensional representation (encoding) and a decoder that reconstructs the input from this encoding. Autoencoders are used for tasks such as dimensionality reduction and feature learning.
Boolean,Decision Tree Models,"A decision tree is a supervised machine learning algorithm that represents a series of decisions based on features to reach a conclusion. It recursively splits the dataset into subsets based on the most informative features, creating a tree structure for decision-making."
Boolean,Bayesian Model,"A Bayesian model is a probabilistic model that incorporates Bayesian probability theory. It uses prior knowledge and updates it with new evidence to make predictions or inferences about uncertain quantities, making it particularly useful for handling uncertainty in various machine learning tasks."
Boolean,Long Short-Term Memory (LSTM),"Long Short-Term Memory (LSTM) is a type of recurrent neural network (RNN) architecture designed to overcome the vanishing gradient problem in traditional RNNs. LSTMs have memory cells and gates that allow them to capture and store information over long sequences, making them effective for tasks involving sequential data, such as natural language processing and time series prediction."
Boolean,K-Nearest Neighbors (KNN),"k-Nearest Neighbors (k-NN) is a simple and versatile machine learning algorithm used for both classification and regression tasks. It assigns a data point's label or value based on the majority or average of its k-nearest neighbors in the feature space, making it sensitive to local patterns in the data."
Boolean,Regression Algorithms,"Regression algorithms are a class of machine learning algorithms used for predicting a continuous output variable based on input features. They model the relationship between input features and the target variable, allowing for the estimation of numerical values. Linear regression, Ridge regression, Lasso regression, and Support Vector Regression are examples of regression algorithms."
Boolean,Q-Learning,"Q-learning is a reinforcement learning algorithm used for making decisions in an environment. It involves learning a policy that maximizes the cumulative expected reward over time by iteratively updating a Q-value table, which represents the expected return for each state-action pair. Q-learning is particularly effective in scenarios with discrete state and action spaces and has been successfully applied to problems like game playing and robotic control."
Boolean,Extreme Learning Machine,"Extreme Learning Machine (ELM) is a machine learning algorithm that belongs to the family of feedforward neural networks. It differs from traditional neural networks in that the weights connecting the input layer to the hidden layer are randomly generated and fixed, with only the weights connecting the hidden layer to the output layer being learned. This approach allows for fast training and is particularly useful for large-scale learning tasks."
Boolean,Rule-Based Systems,"Rule-based systems are a class of artificial intelligence models that use a set of explicitly defined rules to make decisions or draw conclusions. These systems typically consist of a set of conditional statements or rules that specify actions based on specific conditions. Rule-based approaches are often used in expert systems and decision support systems, providing a transparent and interpretable way to model knowledge and decision-making processes."
Boolean,Fuzzy Decision Models,"Fuzzy Logic is a mathematical framework that deals with reasoning and decision-making under uncertainty. Unlike traditional binary logic (where statements are either true or false), fuzzy logic allows for degrees of truth between 0 and 1. It is particularly useful in situations where information is imprecise or ambiguous, enabling the representation of uncertainty and vagueness in a systematic way. Fuzzy Logic has applications in various fields, including control systems, artificial intelligence, and decision support systems."
Boolean,Generative Adversarial Networks (GANs),"A Generative Adversarial Network (GAN) is a type of neural network architecture consisting of two networks, a generator and a discriminator, trained adversarially. The generator generates synthetic data, while the discriminator distinguishes between real and generated data. The two networks improve each other iteratively, resulting in the generation of realistic data samples. GANs are widely used for image generation and other generative tasks."
Boolean,Bidirectional Encoder Representations from Transformers (BERT),"BERT, or Bidirectional Encoder Representations from Transformers, is a pre-trained transformer-based language representation model. It leverages bidirectional context to learn rich contextualized embeddings for words, achieving state-of-the-art results in various natural language processing tasks, such as question answering and sentiment analysis."
Boolean,Generalized Linear Model (GLM),"A Generalized Linear Model (GLM) is a statistical model that extends linear regression to handle non-normal distribution of response variables. It incorporates a link function to relate the linear combination of predictor variables to the expected value of the response, making it versatile for various types of data and suitable for tasks like logistic regression or Poisson regression."
Boolean,Genetic Algorithms,"Genetic algorithms are optimization algorithms inspired by the process of natural selection. They involve evolving a population of potential solutions over multiple generations, using operations such as selection, crossover, and mutation to iteratively improve the solutions toward an optimal or near-optimal solution for a given problem. Genetic algorithms are often applied to combinatorial optimization and search problems."
Boolean,Naive Bayes Models,"Na誰ve Bayes is a probabilistic classification algorithm based on Bayes' theorem. It assumes independence among features given the class label, simplifying the computation of probabilities. Na誰ve Bayes is particularly efficient for text classification tasks and is known for its simplicity and effectiveness in certain scenarios."
Boolean,Hidden Markov Model (HMM),"A Hidden Markov Model (HMM) is a probabilistic model used for modeling sequential data, where the system undergoes unobservable states. The observable outcomes are dependent on the underlying states, and the model assumes a Markovian property, meaning that the probability of transitioning to a new state depends only on the current state. HMMs find applications in speech recognition, natural language processing, and bioinformatics."
Boolean,Deep Belief Network (DBN),"A Deep Belief Network (DBN) is a generative neural network model composed of multiple layers of stochastic, latent variables. DBNs are trained layer by layer, combining both unsupervised and supervised learning, and they have been employed for tasks like feature learning and classification."
Boolean,Perceptron Models,"A perceptron is the simplest form of a neural network, representing a single-layer neural unit. It takes multiple binary inputs, applies weights to them, sums them up, and produces a binary output after passing through an activation function. While limited in complexity, perceptrons were foundational in the development of neural network theory."
Boolean,Attention Mechanisms,"Attention mechanisms are components in neural network architectures that allow the model to focus on specific parts of the input sequence when making predictions. They assign different attention weights to different elements, enabling the model to weigh the importance of each element during processing. Attention mechanisms are commonly used in sequence-to-sequence tasks, and they improve the model's ability to capture long-range dependencies in data."
Boolean,Autoregressive Integrated Moving Average (ARIMA),ARIMA (AutoRegressive Integrated Moving Average) is a time series forecasting model that combines autoregressive (AR) and moving average (MA) components with differencing to make the series stationary. It is widely used for predicting future values based on the historical patterns and trends observed in time series data.
Boolean,K-Means Clustering,"k-Means is a clustering algorithm used to partition a dataset into k distinct, non-overlapping subsets or clusters. It minimizes the sum of squared distances between data points and the centroid of their assigned cluster. k-Means is widely used for unsupervised learning tasks, such as grouping similar data points based on their features."
Boolean,Probabilistic Graphical Model,"A probabilistic graphical model (PGM) is a framework that represents and reasons about uncertainty using a graph structure. It combines probability theory and graph theory to model the relationships between random variables, making it particularly effective for representing complex dependencies in probabilistic systems. Bayesian networks and Markov networks are common types of probabilistic graphical models. They find applications in various fields, including machine learning, computer vision, and bioinformatics."
Boolean,Particle Swarm Optimization (PSO),"Particle Swarm Optimization (PSO) is a population-based optimization algorithm inspired by the social behavior of birds and fish. It involves a set of particles moving through a search space to find the optimal solution. Each particle adjusts its position based on its own experience and the collective knowledge of the swarm. PSO is used for solving optimization problems and has applications in various domains, including engineering, finance, and machine learning."
Boolean,Frequent Itemset Mining,"Frequent itemset mining is a data mining technique used to discover sets of items that frequently co-occur in a dataset. The Apriori algorithm is a common approach to identify these itemsets by iteratively exploring and pruning candidates based on their support, which is the frequency of occurrence in the dataset. Frequent itemset mining is often employed in association rule mining to reveal patterns in transactional data."
Boolean,Gaussian Processes,"A Gaussian Process (GP) is a probabilistic model commonly used in machine learning for regression and classification tasks. It defines a distribution over functions, where any finite set of function values has a joint Gaussian distribution. GPs are flexible and particularly useful when dealing with uncertainty, allowing for the incorporation of prior knowledge and providing a probabilistic prediction for each input."
Boolean,Linear Discriminant Analysis (LDA),"Linear Discriminant Analysis (LDA) is a classification and dimensionality reduction technique that finds the linear combinations of features that best separate two or more classes. By maximizing the distance between the means of different classes while minimizing the spread within each class, LDA efficiently identifies the features that contribute the most to class discrimination."
Boolean,Radial Basis Neural Networks,"A Radial Basis Function (RBF) is a mathematical function that computes the output based on the distance from a center or reference point. In machine learning, RBFs are commonly used as activation functions in neural networks or as kernel functions in support vector machines for capturing complex nonlinear relationships in data."
Boolean,Principal Component Analysis (PCA),"Principal Component Analysis (PCA) is a dimensionality reduction technique that transforms the original features of a dataset into a new set of uncorrelated variables called principal components. These components are ordered by the amount of variance they capture, allowing for a lower-dimensional representation of the data while retaining as much information as possible."
Boolean,State-Action-Reward-State-Action (SARSA),"SARSA (State-Action-Reward-State-Action) is an on-policy reinforcement learning algorithm used for training agents in sequential decision-making tasks. It updates the Q-values (action-values) based on the current state, the action taken, the immediate reward received, and the next state and action chosen following the current policy."
Boolean,Policy Gradient,"Policy gradient methods are a class of reinforcement learning algorithms that directly learn the policy function, which determines the agent's behavior in an environment. Instead of estimating value functions, policy gradient methods optimize the parameters of the policy to maximize the expected cumulative reward."
Boolean,Partial Least Squares (PLS),"Partial Least Squares (PLS) is a statistical method used in regression analysis and dimensionality reduction. It seeks to find the latent variables that explain the maximum variance in both the independent and dependent variables, making it particularly useful in scenarios with multicollinearity or high-dimensional data."
Boolean,Markov Decision Processes (MDP),"A Markov Decision Process (MDP) is a mathematical framework used in the field of reinforcement learning for modeling decision-making in stochastic environments. It consists of a set of states, actions, transition probabilities, and rewards, where an agent makes decisions to maximize the expected cumulative reward over time. The key assumption is the Markov property, meaning the future state depends only on the current state and action, making it a valuable tool for studying and solving problems related to sequential decision-making under uncertainty."
Boolean,Edge-Based Learning,"Federated Learning is a machine learning approach that enables training models across decentralized devices or servers holding local data samples. Instead of centralizing all data on a single server, federated learning allows models to be trained collaboratively on the local data of individual devices. The model parameters are then aggregated to create a global model, preserving privacy and security by keeping raw data localized. This approach is particularly beneficial in scenarios where data privacy is a concern, such as in mobile devices or Internet of Things (IoT) settings."
Boolean,Inductive Logic Programming,"Inductive Logic Programming (ILP) is a machine learning paradigm that combines logic programming and machine learning to induce logic programs from examples. It involves learning logic-based rules or hypotheses from data, making it particularly suitable for symbolic representation and knowledge discovery tasks."
Boolean,Dictionary Learning,"Dictionary learning is a machine learning technique that involves decomposing data into a dictionary of basis elements or atoms. The goal is to represent input data as a sparse linear combination of these dictionary elements, allowing for a compact and informative representation. Dictionary learning is commonly used in signal processing and image analysis."
Boolean,Hierarchical Agglomerative Clustering,"Hierarchical Agglomerative Clustering is a bottom-up approach to clustering that builds a hierarchy of clusters by iteratively merging individual data points or existing clusters. The process continues until all data points belong to a single cluster, forming a tree-like structure called a dendrogram. This method is versatile and can be cut at different levels to obtain clusters of varying granularity."
Boolean,Expectation-Maximization (EM),"Expectation-Maximization (EM) is an iterative optimization algorithm used to estimate the parameters of probabilistic models with latent variables. It alternates between an expectation step (E-step), where it computes the expected values of the latent variables given the observed data and current parameters, and a maximization step (M-step), where it updates the model parameters based on the observed data and the computed expectations. EM is widely used in clustering, density estimation, and various other statistical modeling tasks."
Boolean,Utility-Based Learning,"Utility-based learning involves modeling decision-making processes by considering utility or value functions associated with different choices. It extends decision theory to machine learning, allowing algorithms to make decisions based on the expected utility of various actions. This approach is particularly useful in scenarios where decisions involve trade-offs and uncertainties, enabling systems to make informed choices that maximize expected utility."
Boolean,Temporal Difference Learning,"Temporal Difference (TD) learning is a reinforcement learning technique used to optimize decision-making in sequential decision problems. It involves updating the value function of states based on the difference between the estimated value and the received reward, bridging the gap between Monte Carlo methods and dynamic programming."
Boolean,Compound Covariate Predictor,"A compound covariate predictor is a statistical concept used in modeling, particularly in survival analysis. It involves combining multiple covariates to create a composite or compound predictor, enhancing the predictive ability of the model for the event of interest."
Boolean,Mean Shift Clustering,"Mean Shift is a non-parametric clustering algorithm that aims to find dense regions in the data space. It operates by iteratively shifting the data points towards the mode (peak) of the underlying probability density function, ultimately identifying clusters without assuming their shapes or sizes."
Boolean,Density-Based Spatial Clustering,"Density-Based Spatial Clustering of Applications with Noise (DBSCAN) is a clustering algorithm that groups together data points based on their density in the feature space. It identifies dense regions as clusters, separating areas with lower point density and marking outliers as noise, making it robust to various cluster shapes and sizes."
Boolean,Dynamic Programming,"Dynamic programming is a problem-solving technique used in computer science and optimization. It involves breaking down a complex problem into simpler overlapping subproblems and solving each subproblem only once, storing the solutions to avoid redundant computations. This approach is especially useful for optimization problems where the optimal solution can be efficiently found by combining solutions to subproblems."
Boolean,Bag of Words (BOW),"The Bag of Words (BoW) model is a text representation technique in natural language processing. It represents a document as an unordered set of words, disregarding grammar and word order but keeping track of word frequency. BoW is commonly used in text classification and information retrieval, where the focus is on the occurrence of words rather than their sequence."
Boolean,Gaussian Mixture Model (GMM),"A Gaussian Mixture Model (GMM) is a probabilistic model that represents a mixture of multiple Gaussian (normal) distributions. It is often used for clustering and density estimation, where each component of the mixture corresponds to a cluster, and the model accounts for uncertainty in assigning data points to clusters."
Boolean,Hashing Techniques,"Hashing is a process that converts input data (such as a key) into a fixed-size string of characters, which is typically a hash code. It is commonly used in computer science for various purposes, including indexing data structures like hash tables, ensuring data integrity, and quickly locating a data record given its key. Hashing is designed to be a one-way function, meaning it should be computationally infeasible to reverse the process and obtain the original input from its hash code."
Boolean,t-Distributed Stochastic Neighbor Embedding (t-SNE),"t-SNE (t-distributed stochastic neighbor embedding) is a dimensionality reduction technique that visualizes high-dimensional data by mapping it into a lower-dimensional space, preserving local structures and revealing patterns and clusters in the data."
Boolean,Uniform Manifold Approximation and Projection (UMAP),"UMAP (Uniform Manifold Approximation and Projection) is another dimensionality reduction technique that provides an efficient and scalable approach for visualizing and analyzing high-dimensional data, particularly well-suited for preserving both local and global structures."
Boolean,Diffusion Models,"Diffusion models, such as DALLE and GenAI, are generative models that leverage diffusion processes to generate realistic and diverse samples from complex data distributions, enabling high-quality image synthesis and content creation."
Boolean,Single Shot Detector (SSD),"SSD (Single Shot Multibox Detector) is an object detection algorithm that efficiently detects objects in images by predicting bounding boxes and class probabilities in a single pass through the network, making it suitable for real-time applications."
Boolean,You Only Look Once (YOLO),"YOLO (You Only Look Once) is another object detection algorithm that divides the input image into a grid and predicts bounding boxes and class probabilities directly from each grid cell, providing fast and accurate object detection capabilities."
Boolean,Supervised Learning,"Supervised learning is a machine learning paradigm where a model is trained on a labeled dataset, which means that the input data is paired with corresponding output labels. The goal is for the model to learn a mapping from inputs to outputs, making predictions or classifications on new, unseen data. Supervised learning includes tasks such as regression and classification, and the model's performance is evaluated based on its ability to accurately predict or classify instances."
Boolean,Unsupervised Learning,"Unsupervised learning is a machine learning paradigm where a model is trained on an unlabeled dataset, and the algorithm must discover patterns, structures, or relationships within the data without explicit guidance. The goal is often to uncover hidden insights, group similar data points, or reduce the dimensionality of the data. Common tasks in unsupervised learning include clustering and dimensionality reduction. Unlike supervised learning, there are no predefined output labels, and the model explores the inherent structure within the input data on its own."
Boolean,Reinforcement Learning,"Reinforcement learning is a machine learning paradigm where an agent learns to make decisions by interacting with an environment. The agent takes actions, and the environment provides feedback in the form of rewards or punishments. The goal is for the agent to learn a policy or strategy that maximizes the cumulative reward over time, often through trial and error. Reinforcement learning is commonly applied in scenarios where explicit training data is scarce, and the agent must learn by exploring and experiencing the consequences of its actions."
Boolean,Semi-Supervised Learning,"Semi-supervised learning is a machine learning paradigm that combines elements of both supervised and unsupervised learning. In this approach, the model is trained on a dataset that contains both labeled and unlabeled examples. The model leverages the labeled data to learn patterns and then generalizes this knowledge to make predictions on the unlabeled data. Semi-supervised learning is particularly useful when obtaining a large labeled dataset is expensive or time-consuming, as it allows for more efficient utilization of available labeled and unlabeled data."
Boolean,Self-Supervised Learning,"Self-supervised learning is a machine learning paradigm where a model is trained on a dataset without explicit external labels. Instead, the model generates its own supervisory signals from the available data, typically through techniques such as pretext tasks. These pretext tasks involve creating surrogate tasks from the input data, allowing the model to learn useful representations or features, which can then be fine-tuned for downstream tasks."
Boolean,Online Learning,"Online learning, in the context of machine learning, refers to the iterative updating of a model as new data becomes available over time. This approach allows the model to adapt to changes in the underlying patterns of the data dynamically. Online training is particularly useful for scenarios where data streams in continuously, enabling the model to stay up-to-date and make predictions or classifications on the most recent information."
Boolean,Deep Learning,"Deep learning is a subset of machine learning that uses neural networks with multiple layers to learn complex patterns and representations directly from data, achieving state-of-the-art performance in tasks such as image recognition, natural language processing, and speech recognition."
Boolean,Shallow Learning,"Shallow learning, also known as traditional machine learning, refers to machine learning techniques that utilize relatively simple algorithms and feature representations to learn patterns from data, typically applied to tasks such as classification, regression, and"
Boolean,Federated Learning,"Federated learning is a machine learning paradigm where a model is trained across multiple decentralized devices or servers holding local data samples, allowing for collaborative model training while preserving data privacy and security."
Boolean,Manifold Learning,"Manifold learning is a set of techniques in machine learning that aim to learn low-dimensional representations of high-dimensional data while preserving its underlying structure or manifold, facilitating tasks such as dimensionality reduction, visualization, and clustering in non-linear spaces."
Boolean,Multiview Learning,"Multiview learning is a machine learning paradigm that leverages multiple perspectives or representations of data to improve model performance, combining information from different views to enhance the learning process and achieve more robust and accurate predictions."
Boolean,Low Complexity Models,Models like linear regression and logistic regression that assume simple relationships between variables.
Boolean,Low to Moderate Complexity Models,"k-Nearest Neighbors (k-NN) and basic Support Vector Machines (SVM) fall in this category, capturing slightly more complex patterns than linear models."
Boolean,Moderate Complexity Models,"Models like decision trees, random forests, and gradient boosting machines, which can capture more intricate patterns in the data."
Boolean,Moderate to High Complexity Models,Involves deeper neural networks and more sophisticated algorithms like recurrent neural networks (RNNs) for sequential data.
Boolean,High Complexity Models,Complex architectures such as deep convolutional neural networks (CNNs) designed for image processing or advanced ensemble models.
Boolean,Very High Complexity Models,"Cutting-edge models like large-scale transformers (e.g., GPT, BERT) with intricate designs, suitable for complex natural language understanding tasks."
Boolean,Various Complexity Levels,"Encompasses a wide range of models with diverse complexity levels, including hybrid models or those with adaptively changing complexity based on certain factors."
Boolean,Linear Models,"Linear models assume a direct, proportional relationship between input features and the output. Examples include linear regression and logistic regression, where the model's predictions are a linear combination of input features."
Boolean,Non-Linear Models,"Non-linear models capture more complex relationships that cannot be expressed as a simple linear combination. Examples include decision trees, neural networks, and support vector machines with non-linear kernels, allowing them to model intricate patterns and interactions in the data."
Boolean,Parametric Models,"Parametric models have a fixed, predetermined number of parameters that define the model structure. Examples include linear regression, where the model's parameters represent the coefficients of the linear equation."
Boolean,Non-Parametric Models,"Non-parametric models have a flexible number of parameters that can grow with the size of the training data. These models adapt to the complexity of the data without a fixed number of parameters. Examples include k-Nearest Neighbors (k-NN) and decision trees, which can capture complex relationships without a predetermined parameter count."
Boolean,Boosting Techniques,"Boosting is an ensemble method that sequentially builds a series of weak learners, each correcting the errors of its predecessor. It assigns different weights to training instances based on their performance, focusing more on misclassified instances in subsequent models. The final prediction is a weighted sum of individual weak learner predictions, creating a strong overall model with improved accuracy."
Boolean,Deep Forest Models,"Deep Forest is an ensemble learning framework that leverages decision forests, combining them in a hierarchical structure to create a powerful model. It typically incorporates techniques from both random forests and deep learning, providing a versatile approach for capturing complex patterns in data while maintaining the interpretability of decision trees."
Boolean,Bagging Techniques,"Bagging, or Bootstrap Aggregating, is an ensemble method where multiple instances of a base learning algorithm are trained on different subsets of the training data, created through bootstrapping. The final prediction is typically a combination (e.g., averaging or voting) of predictions from individual models, reducing variance and improving overall model robustness."
Boolean,RAS-CO,Random Subspace Method for Co-Training (RAS-CO) is an ensemble-based approach to semi-supervised learning that involves training multiple classifiers on different subsets of features and then using these classifiers to label the unlabeled data.
Boolean,Random Subspace Methods,"Random Subspace is an ensemble method that introduces randomness by training each base learner on a randomly selected subset of features from the original feature set. This technique helps in creating diverse models, where each learner focuses on different aspects of the data, contributing to improved generalization and robustness in the overall ensemble."
Boolean,Random Committee Models,An ensemble learning technique that combines multiple models trained on different subsets of the features or instances of the training data to improve diversity and accuracy.
Boolean,Rotation Forest Models,An ensemble learning technique that combines multiple models trained on different random rotations of the feature space to improve diversity and accuracy.
Boolean,Stacking Models,"Stacking, also known as stacked generalization, is an ensemble learning technique where multiple diverse models (base learners) are trained to make predictions on a dataset. Then, a meta-model (or blender) is trained to combine the predictions of the base learners, often improving overall predictive performance by leveraging the strengths of individual models. The meta-model learns how to weigh or combine the predictions of the base models, making stacking a powerful approach for ensemble learning."
Boolean,Co-Training Models,"Co-training is an ensemble semi-supervised learning technique where a model is trained on a labeled dataset and then iteratively expanded using unlabeled data. The training process involves two or more views of the data, and the model is trained to make predictions on one view using the labeled data while utilizing the unlabeled data to improve its performance on the other view. This approach leverages the assumption that the two views are conditionally independent given the class labels, allowing the model to learn more robust and generalized representations."
Boolean,Mixture of Experts Models,"Mixture of experts is an ensemble method where multiple models, called experts, are trained on different subsets of data and a gating network determines which expert to use for prediction based on input features, allowing for adaptive model selection."
Boolean,Extra Trees,"Extra Trees, or extremely randomized trees, is an ensemble learning technique similar to random forests, but with additional randomization in the feature selection and threshold splitting process, resulting in faster training times and potentially improved generalization performance."
Boolean,Voting Techniques,"Voting is a simple ensemble method where predictions from multiple base models are combined using a majority voting scheme to make final predictions, often resulting in improved performance by leveraging diverse perspectives from different models."
Boolean,Majority Voting,"Majority voting is a specific type of voting ensemble method where the final prediction is determined by selecting the class that receives the most votes among the base models, providing a straightforward and effective way to aggregate predictions from multiple models."
Boolean,Dropout Techniques,"Dropout is a regularization technique used in neural networks, where random neurons are omitted during training to prevent overfitting."
Boolean,L2 Regularization (Ridge),"L2 regularization, or Ridge regularization, adds a penalty term based on the squared magnitude of the model parameters, encouraging smaller weights."
Boolean,Batch Normalization,"Batch Normalization normalizes intermediate activations within a neural network layer, stabilizing and accelerating training."
Boolean,L1 Regularization (Lasso),"L1 regularization, or Lasso regularization, adds a penalty term based on the absolute magnitude of the model parameters, encouraging sparsity by pushing some weights to exactly zero."
Boolean,Gradient Penalty,Gradient Penalty is used in the context of Generative Adversarial Networks (GANs) to enforce smoothness in generated samples.
Boolean,Reduced Error Pruning,Reduced Error Pruning is a technique in decision tree algorithms that involves removing nodes to improve model generalization without sacrificing much accuracy.
Boolean,Wasserstein Regularization,"In Wasserstein GANs, the Wasserstein distance is used to measure the dissimilarity between the model's generated distribution and the true data distribution."
Boolean,Contractive Regularization,"Contractive regularization penalizes changes in the hidden layer activations, promoting stability in autoencoder models."
Boolean,Layer Normalization,"Layer Normalization is similar to batch normalization but normalizes across features instead of instances, often used in recurrent neural networks."
Boolean,Instance Normalization,"Instance normalization is a technique used in neural networks to normalize the activations of each instance (e.g., data point or image) independently, ensuring stable and consistent training dynamics across different instances."
Boolean,Parameter Freezing,"Freezing parameters involves fixing the weights of certain layers in a neural network during training, preventing them from being updated, typically used to retain pre-trained representations or focus training on specific parts of the network."
Boolean,Contrastive Loss,"Contrastive loss is a loss function used in siamese or triplet networks for tasks like similarity learning, where it minimizes the distance between similar instances and maximizes the distance between dissimilar instances in the embedding space, enabling the model to learn discriminative representations."
Boolean,Convolutional Networks,"Convolutional neural networks (CNNs) are designed for processing grid-like data, such as images, using convolutional layers to capture hierarchical features."
Boolean,Recurrent Networks,"Recurrent neural networks (RNNs) incorporate feedback loops, allowing information to persist, making them suitable for sequential data and tasks."
Boolean,Feedforward Networks,"A feedforward neural network is a basic architecture where information travels in one direction, from input to output, without loops or cycles."
Boolean,Autoencoder Architectures,"An autoencoder is a neural network trained to reproduce its input, often used for unsupervised learning and feature extraction."
Boolean,Transformer Models,"Transformer models use self-attention mechanisms, eliminating the need for recurrence, and excel in capturing dependencies in sequences."
Boolean,Residual Network (Skip Connections),"Residual networks use skip connections to pass information directly across layers, mitigating the vanishing gradient problem."
Boolean,Fully Connected Networks,"Fully connected layers in neural networks can be considered as a form of kernel where each input is connected to every neuron in the layer, allowing the network to learn complex relationships."
Boolean,Generative Adversarial Architectures,"Generative Adversarial Networks (GANs) consist of a generator and a discriminator, trained adversarially to generate realistic data."
Boolean,Boltzmann Machines,Restricted Boltzmann Machines (RBMs) are generative stochastic artificial neural networks used for dimensionality reduction.
Boolean,Deep Q-Networks,Deep Q-Networks (DQN) use deep learning to approximate the Q-function in reinforcement learning.
Boolean,Feature Pyramid Networks,Feature Pyramids use multiple scales of features to improve object detection and recognition in computer vision.
Boolean,Bidirectional Architectures,"Bidirectional recurrent neural networks process sequences in both forward and backward directions, capturing context from both ends."
Boolean,Graph Models,"Graph neural networks operate on graph-structured data, capturing relationships between nodes and edges."
Boolean,Mechanism,"Mechanisms in neural networks refer to specific components or operations that perform a certain function, such as attention mechanisms."
Boolean,Grid-Like Structures,"Networks with a grid-like structure leverage regular patterns, often seen in convolutional layers or grid-specific tasks."
Boolean,Siamese Networks,"Siamese networks use shared weights to process multiple inputs in parallel, commonly used for similarity-based tasks."
Boolean,Dilated Convolutions,"Dilated convolutions use larger gaps between filter elements, capturing larger receptive fields in convolutional layers."
Boolean,Autoregressive Models,"Autoregressive models generate outputs sequentially, conditioned on previous predictions."
Boolean,Inception Networks,"Inception modules use multiple filter sizes in parallel, capturing features at different scales in convolutional neural networks."
Boolean,Sparse Networks,"Sparse neural networks have a significant number of zero weights, saving memory and computation."
Boolean,Mask Head Networks,"Mask Head in neural networks produces pixel-level masks, often used in instance segmentation."
Boolean,Subnetwork Architectures,"Subnetworks refer to smaller, specialized networks within a larger architecture."
Boolean,Gated Recurrent Units (GRU),Gated Recurrent Units (GRUs) are a type of recurrent neural network cell with gating mechanisms for improved information retention and processing.
Boolean,Actor-Critic Models,Actor-Critic architectures combine policy-based (actor) and value-based (critic) methods for reinforcement learning.
Boolean,Dense Blocks,"Dense blocks in neural networks connect each layer to every subsequent layer, enhancing feature reuse."
Boolean,Probabilistic Networks,Probabilistic neural networks model uncertainty by providing probability distributions over predictions.
Boolean,Radial Basis Function Networks,"Radial Basis Function networks use radial basis functions as activation functions, commonly applied in pattern recognition."
Boolean,Spiking Neural Networks,"Spiking neural networks model neural activity using spike events, mimicking biological neurons."
Boolean,Fuzzy Logic Systems,"Fuzzy Logic models uncertainty using fuzzy sets, allowing for more nuanced reasoning."
Boolean,Capsule Layers,Capsule layers in neural networks represent hierarchical relationships between parts of objects.
Boolean,Hierarchical Attention Networks,Hierarchical Attention models use attention mechanisms at different levels to focus on relevant information.
Boolean,Competitive Layer Networks,"Competitive layers are neural network components that enable competitive learning, where neurons compete to be activated."
Boolean,Triplet Networks,"Triplet networks learn to embed data points into a space where the distance between similar points is minimized, used for tasks like face recognition."
Boolean,Inference Compositions,Inference composition refers to assembling or combining multiple neural network outputs to form a coherent inference.
Boolean,Generative Pretrained Transformer (GPT),Generative Pre-trained Transformers (GPT) are transformer-based models pre-trained on large datasets for natural language understanding and generation.
Boolean,Hypernetworks,"Hypernetworks generate neural network weights dynamically based on input, allowing for adaptability."
Boolean,Micro Neural Networks,"Micro neural networks typically refer to smaller, specialized networks designed for specific tasks."
Boolean,Keypoint Association Networks,Keypoint Association Networks link detected keypoints to form a coherent representation in computer vision tasks.
Boolean,Dual Path Networks,"Dual Path networks utilize multiple paths for feature extraction, enhancing network diversity."
Boolean,Recursive Networks,Recursive neural networks use recursive structures to process hierarchical data.
Boolean,Shallow Architectures,"Shallow neural networks have few hidden layers, often used for simpler tasks or quick inference."
Boolean,Functional Linkages,Functional Linkages refer to connecting neural network layers in a way that captures specific functional relationships.
Boolean,Multi-Head Architectures,Multi-Head architectures use multiple attention heads to capture different aspects of relationships in transformer models.
Boolean,Conditional Random Fields (CRF),"Conditional Random Fields model dependencies between variables, often used in structured prediction tasks."
Boolean,Multifilter Models,Multifilter may refer to using multiple filters or kernels in convolutional layers to capture diverse features.
Boolean,Modular Networks,"Modular neural networks are composed of independent modules, allowing for flexibility and reusability."
Boolean,Fuser Models,Fuser modules combine information from different sources or modalities in neural networks.
Boolean,Two-Stream Architectures,"Two-Stream architectures process two different types of data or views in parallel, often used in computer vision."
Boolean,ReLU Activation,"ReLU is an activation function that outputs the input directly for positive values and zero for negative values, introducing non-linearity to neural networks."
Boolean,Sigmoid Activation,"Sigmoid is an activation function that squashes input values to the range (0, 1), commonly used in binary classification tasks to produce probabilities."
Boolean,Tanh Activation,"Tanh is an activation function similar to the sigmoid but squashes input values to the range (-1, 1), providing centered outputs."
Boolean,Gaussian Activation,Gaussian activation functions are based on the Gaussian distribution and are used in certain neural network architectures to model continuous probability distributions.
Boolean,Radial Basis Function (RBF),"RBF activation functions are commonly used in radial basis function networks and kernelized models, introducing non-linearity based on the radial distance from a center."
Boolean,Gated Linear Unit (GLU),"GLU is an activation function used in the context of gated neural networks, particularly in the Transformer architecture, allowing the network to selectively pass information."
Boolean,Logistic Activation,"Logistic activation functions are variants of the sigmoid function, often used in logistic regression models and neural networks for binary classification."
Boolean,Stochastic Units,"Stochastic units refer to activation functions or units in a neural network that incorporate stochasticity, introducing randomness during training for improved robustness or exploration in certain scenarios."
Boolean,Parametric ReLU (PReLU),"PReLU (Parametric Rectified Linear Unit) is an activation function similar to ReLU but with learnable parameters that allow the activation to have a small negative slope for negative input values, aiding in mitigating the vanishing gradient problem."
Boolean,ReLU6 Activation,"ReLU 6 is a variation of the Rectified Linear Unit (ReLU) activation function that caps the output at 6 for input values greater than 6, preventing unbounded growth of activations and offering better stability during training."
Boolean,Exponential Linear Unit (ELU),"ELU (Exponential Linear Unit) is an activation function that introduces non-zero negative values for negative input values, which helps alleviate the vanishing gradient problem and enables faster convergence during training compared to traditional ReLU."
Boolean,Mean Squared Error (MSE),"MSE is an objective function used in regression tasks, calculating the average squared difference between predicted and actual values."
Boolean,Cross-Entropy Loss,"Cross-entropy is a common objective function for classification tasks, measuring the dissimilarity between predicted probability distributions and actual distributions."
Boolean,Maximum Likelihood Estimation (MLE),"MLE is an objective function that maximizes the likelihood of the observed data under the model, commonly used in probabilistic models."
Boolean,Hinge Loss,"Hinge loss is an objective function often used in support vector machines for classification, penalizing misclassifications."
Boolean,Minimize Classification Error,Minimize classification error is a generic objective function aiming to reduce misclassifications in classification tasks.
Boolean,Maximize Reward,"Maximizing reward is an objective in reinforcement learning, where the model learns to take actions that lead to the highest cumulative reward."
Boolean,Information Gain,Information gain is used in decision tree algorithms to measure the effectiveness of a feature in reducing uncertainty about the target variable.
Boolean,Joint Probability Distribution,"Joint probability distribution is an objective in probabilistic models, aiming to capture the joint probability of multiple random variables."
Boolean,Gini Impurity,Gini impurity is an objective function in decision trees for evaluating the impurity of a set of samples.
Boolean,Binary Cross-Entropy (Log Loss),"Binary Cross-Entropy, or log loss, is a specific form of cross-entropy tailored for binary classification tasks."
Boolean,Masked Language Model (MLM),"MLM objective is used in language models like BERT, where random tokens are masked, and the model is trained to predict the masked tokens."
Boolean,Focal Loss,"Focal loss is used in object detection tasks, focusing on hard examples and mitigating the impact of well-classified examples."
Boolean,Reconstruction Error,Reconstruction error measures the difference between input and output in autoencoders or other models focused on data reconstruction.
Boolean,Minimize Sum of Distances,"Minimizing the sum of distances is an objective in clustering or data partitioning, aiming to group similar data points."
Boolean,Temporal Difference Error,"Temporal Difference error is used in temporal difference learning, measuring the difference between predicted and actual rewards in reinforcement learning."
Boolean,Adversarial Loss,Adversarial loss is used in generative adversarial networks (GANs) to measure the difference between the generated and real data distributions.
Boolean,Task-Specific Objectives,"Task-specific objectives are customized objective functions tailored to specific machine learning tasks, reflecting the desired outcome."
Boolean,Maximum a Posteriori (MAP) Estimation,"MAP estimation is used in Bayesian statistics, combining prior knowledge with observed data to estimate model parameters."
Boolean,Minimize Weighted Sum,Minimize weighted sum is a customized objective function that minimizes a linear combination of multiple terms with different weights.
Boolean,Preserve Topological Relationships,Preserving topological relationships is an objective function used in certain dimensionality reduction or embedding techniques to maintain spatial relationships.
Boolean,Similarity Measure,Similarity measure is an objective in tasks where the model aims to learn representations that preserve similarity relationships between data points.
Boolean,Gain Ratio,Gain and Gain Ratio are used in decision tree algorithms to evaluate the quality of a split.
Boolean,Deviance,"Deviance is an objective in generalized linear models, measuring the difference between the likelihood of the model and the saturated model."
Boolean,Variance Maximization,"Variance maximization is an objective in certain dimensionality reduction techniques, aiming to maximize the variance of projected data."
Boolean,Kullback-Leibler (KL) Divergence,"KL Divergence quantifies the difference between two probability distributions, often used in variational autoencoders."
Boolean,Minimize Quantization Error,"Minimizing quantization error is an objective in vector quantization or clustering, aiming to reduce the distortion in representing data."
Boolean,Minimize Regression Error,"Minimizing regression error is a common objective in regression tasks, aiming to reduce the difference between predicted and actual values."
Boolean,Induce Logic Rules,"Inducing logic rules is an objective in symbolic machine learning, aiming to generate interpretable rules from data."
Boolean,Dictionary Elements,Dictionary elements refer to the objective of learning a dictionary in sparse coding or dictionary learning.
Boolean,Evolve Population of Solutions,"Evolving a population of solutions is an objective in genetic algorithms or evolutionary algorithms, optimizing a set of candidate solutions."
Boolean,Gradient Penalty Techniques,"Gradient penalty is used in adversarial training to regularize the discriminator's gradients, promoting smoother learning."
Boolean,Minimax Optimization,"Minimax is an objective in adversarial training, aiming to minimize the worst-case scenario for the generator while maximizing it for the discriminator."
Boolean,Replaced Token Detection,"Replaced token detection is an objective in masked language models, where the model learns to detect tokens that have been replaced during training."
Boolean,Maximum Entropy,"Maximum entropy is an objective in maximum entropy models, seeking to maximize the entropy of the predicted probability distribution."
Boolean,Fr辿chet Inception Distance (FID),"Fr辿chet Inception Distance (FID) is a metric used to evaluate the quality of generated images in generative adversarial networks (GANs). It measures the similarity between the feature distributions of generated images and real images using the Fr辿chet distance, providing a quantitative assessment of the realism and diversity of the generated images."
Boolean,Fixed (Specific) Learning Rate,"In fixed learning rate strategies, a constant learning rate is specified and remains unchanged throughout the training process. This approach is straightforward but may require careful tuning for optimal performance."
Boolean,Adaptive (Adjustable) Learning Rate,"Adaptive learning rate strategies dynamically adjust the learning rate during training based on the model's progress. Techniques like Adagrad, RMSprop, and Adam are examples of adaptive methods that automatically update the learning rate based on the historical information of gradient magnitudes, improving convergence in different parts of the parameter space."
Boolean,Shallow (Single Layer),Shallow models have only one hidden layer between the input and output layers. They are simpler in architecture and are often used for straightforward tasks.
Boolean,Multiple Layers,Models with multiple hidden layers have more than one layer between the input and output layers. These architectures can capture more complex relationships in the data.
Boolean,Deep Architectures,"Deep models, often associated with deep learning, have a significant number of hidden layers (10+). They excel in learning intricate hierarchical representations of data."
Boolean,Various (Shallow to Deep) Architectures,"Various models can have architectures ranging from shallow to deep, allowing flexibility in choosing the depth of the network based on the complexity of the task or available data."
Boolean,Dynamically Growing Architectures,Models that dynamically grow refer to architectures that can adaptively increase the number of hidden layers during training. This approach allows the model to evolve its structure based on the learning requirements or data characteristics.
Boolean,Small Model Sizes,Small models have a relatively low number of parameters or weights. They are compact and suitable for simple tasks or scenarios with limited computational resources.
Boolean,Small to Moderate Model Sizes,"Small to moderate models strike a balance, having more parameters than strictly small models but still maintaining efficiency. They are suitable for a range of tasks without being overly complex."
Boolean,Moderate Model Sizes,"Moderate models have a considerable number of parameters, making them suitable for handling diverse tasks and datasets with moderate complexity."
Boolean,Moderate to Large Model Sizes,"Models in this category have a substantial number of parameters, providing the capacity to capture complex patterns. They are effective for tasks requiring a higher level of representation."
Boolean,Large Model Sizes,"Large models have a significant number of parameters, often requiring substantial computational resources. They excel at handling intricate patterns and achieving state-of-the-art performance on complex tasks."
Boolean,Various Model Sizes,"Various models come in different sizes, allowing flexibility to choose the appropriate size based on the specific requirements of the task, available data, and computational resources."
Boolean,Dynamically Growing Sizes,"Models that dynamically grow refer to architectures that can adaptively increase the number of parameters during training. This flexibility enables the model to evolve its size based on the learning requirements or data characteristics, potentially improving performance on more challenging tasks."
Boolean,Pre-Trained Models,A pre-trained model refers to a model that has been pre-trained on a large and general dataset before being adapted or fine-tuned for a specific task. This approach leverages the knowledge gained from the general dataset to improve performance on the target task.
Boolean,Fine-Tuning Techniques,"Fine-tuning involves taking a pre-trained model and adjusting its parameters on a smaller, task-specific dataset. This process allows the model to adapt its learned representations to the nuances of the target task, often resulting in improved performance compared to training from scratch."
Boolean,Convolutional Kernel,Convolutional kernels are commonly used in convolutional neural networks (CNNs) for processing grid-like data such as images. They capture local patterns through convolution operations.
Boolean,Radial Basis Function (Gaussian),"RBF kernel functions, also known as Gaussian kernels, measure the similarity between data points based on the radial distance. They are prevalent in support vector machines and Gaussian processes."
Boolean,Linear Kernel,Linear kernel functions are straightforward and compute the dot product between input features. They are commonly used in linear models and support vector machines.
Boolean,Polynomial Kernel,Polynomial kernel functions introduce non-linearity by computing the polynomial expansion of the dot product between input features. They are used in support vector machines and kernelized models.
Boolean,Matern Kernel,Matern kernels are commonly used in Gaussian processes and provide a flexible family of kernels with adjustable smoothness. They offer a trade-off between different levels of differentiability.
Boolean,Auto-Associative Kernel,"Auto-associative kernels are used in autoencoders, where the model learns to reconstruct the input from reduced-dimensional representations, capturing essential features in the process."
Boolean,Sigmoid Kernel,"The sigmoid kernel is a type of kernel function used in machine learning, particularly in support vector machines (SVMs), to map data into a higher-dimensional space. It calculates the similarity between data points based on the logistic function, producing a smooth transition from negative to positive similarity scores."
Boolean,Structured Data,"Models designed for structured data are tailored to handle well-organized, tabular data with a clear format, where each column represents a different feature or attribute."
Boolean,Images (or Other Grid-Based Data),Models designed for images or other grid-based data are common in computer vision. Convolutional Neural Networks (CNNs) are frequently used to process grid-like structures such as pixel values in images.
Boolean,Time Series Data,Models designed for time series data are suitable for tasks where the temporal order of observations is crucial. Recurrent neural networks and Long Short-Term Memory networks (LSTMs) are often employed for time series analysis.
Boolean,Text Data,"Models designed for text data are specialized for natural language processing tasks. Recurrent Neural Networks (RNNs), Transformer models, and other architectures are commonly used to capture sequential dependencies in text."
Boolean,Categorical (Numerical) Data,"Models designed for categorical data, which includes discrete variables with distinct categories, are common in tasks where input features are non-continuous."
Boolean,Unstructured Data,"Models designed for unstructured data typically refer to data that lacks a predefined format or organization. This can include raw text, images, audio, or any form of data without a clear structure."
Boolean,State-Action Pairs and Rewards,"Models designed for state-action pairs and rewards are typical in reinforcement learning, where the model learns to take actions in an environment to maximize cumulative rewards."
Boolean,Audio Data,Models designed for audio data are tailored for tasks such as speech recognition or sound classification. Recurrent neural networks and convolutional neural networks are often used for audio processing.
Boolean,Transactional Data,"Models designed for transactional data are suited for tasks involving records of transactions or interactions, such as financial transactions or user interactions on a website."
Boolean,Streaming Data,"Stream data refers to continuously generated data that arrives in a continuous flow over time. Examples include sensor data from IoT devices, social media feeds, or financial market data. Stream data often requires real-time processing and analysis techniques to extract meaningful insights and respond to changing data patterns."
Boolean,Multimodal Data,"Multimodal data refers to data that encompasses multiple modalities or types, such as text, images, audio, or sensor readings. This type of data presents challenges due to its diverse nature, requiring specialized techniques to effectively capture, integrate, and analyze information from different sources. Multimodal data analysis often involves methods such as fusion, alignment, or cross-modal learning to leverage the complementary information provided by different modalities."
Boolean,Automated Machine Learning (AutoML),"AutoML refers to the use of automated tools and platforms to streamline the process of designing, training, and deploying machine learning models. AutoML platforms automate various steps in the machine learning pipeline, including feature engineering, model selection, hyperparameter tuning, and deployment, allowing users to create models with minimal manual intervention."
Boolean,Custom-Built Models,"Custom models are those that are built from scratch or with manual involvement at every stage of the machine learning pipeline. In custom model development, data scientists and machine learning engineers have full control over the selection of algorithms, feature engineering, hyperparameter tuning, and other aspects of model creation. Custom models are tailored to specific requirements and often involve a more hands-on, manual approach compared to AutoML."
Boolean,Gradient Descent Optimizer,Gradient descent is a first-order optimization algorithm that iteratively updates the model parameters in the direction of the negative gradient of the loss function.
Boolean,Adam Optimizer,Adam (Adaptive Moment Estimation) is a popular optimization algorithm that computes adaptive learning rates for each parameter by maintaining separate adaptive learning rates for each parameter based on past gradients and squared gradients.
Boolean,RMSprop Optimizer,Root Mean Square Propagation (RMSprop) is an adaptive learning rate optimization algorithm that divides the learning rate by a running average of the magnitudes of recent gradients for each parameter.
Boolean,Adagrad Optimizer,Adagrad (Adaptive Gradient Algorithm) is an adaptive learning rate optimization algorithm that adapts the learning rate for each parameter based on the historical gradients. It scales the learning rate inversely proportional to the square root of the sum of squared gradients.
Boolean,AdaDelta Optimizer,AdaDelta is an extension of Adagrad that addresses its diminishing learning rate problem by replacing the sum of squared gradients with a running average of squared gradients.
Boolean,AdaMax Optimizer,AdaMax is a variant of Adam that uses the infinity norm (maximum norm) of the gradients instead of the L2 norm used in Adam.
Boolean,Nesterov Accelerated Gradient (NAG),"Nesterov Accelerated Gradient is a modification of the standard gradient descent algorithm that looks ahead of the current position of parameters to update them, resulting in faster convergence."